dataset,backend,model,epochs,final_train_loss,final_test_loss
toy_eq12,pytorch,isnn1,400,0.34231844544410706,0.5692641735076904
toy_eq12,pytorch,isnn2,400,0.5531582832336426,0.6306388974189758
toy_eq12,numpy,isnn1,400,0.30378761750275307,0.5226604315320056
toy_eq12,numpy,isnn2,400,0.4374499949543666,0.5403105286734462
toy_eq13_14,pytorch,isnn1,400,0.5396975874900818,0.43939587473869324
toy_eq13_14,pytorch,isnn2,400,1.6154602766036987,1.7369880676269531
toy_eq13_14,numpy,isnn1,400,0.3588476841374014,0.28504533748675237
toy_eq13_14,numpy,isnn2,400,0.19363941026652484,0.23525096639923296
